{
  "manifest.json": 1696001371386,
  "i18n/i18n.properties": 1695929530041,
  "Component.js": 1695929508173,
  "Component-preload.js": 1696001371811,
  "Component-dbg.js": 1695929508173,
  "assets/vint-soda.jpg": 1695929761850,
  "assets/pink-lemonade.jpg": 1695929761834,
  "assets/milk.jpg": 1695929761834,
  "assets/lemonade.jpg": 1695929761834,
  "assets/lcd-hdtv.jpg": 1695929761826,
  "assets/havina-cola.jpg": 1695929761814,
  "assets/fruit-punch.png": 1695929761674,
  "assets/dvd-player.jpg": 1695929761654,
  "assets/cranberry-juice.jpg": 1695929761858,
  "assets/coffee.jpg": 1695929761858,
  "assets/bread.jpg": 1695929761854,
  "index.html": 1695929508177
}